Workbook

Sheet 요약
A1: BSR070 가상공장 발표 양식 — 채움 계획
A2: 기준: Canva 'BSR070 가상공장 발표 양식' 38장 · 2026-10-29 점검
A4: 분류 | B4: 장 수 | C4: 뜻
A5: 바로 채움 | B5: =COUNTIF('슬라이드별 계획'!$E:$E,A5) -> 18 | C5: 근거 자료가 프로젝트에 있어 바로 채울 수 있음
A6: 확인 후 채움 | B6: =COUNTIF('슬라이드별 계획'!$E:$E,A6) -> 12 | C6: 질문 하나에 답이 오면 채울 수 있음 → '확인 질문' 시트
A7: 팀 작업 | B7: =COUNTIF('슬라이드별 계획'!$E:$E,A7) -> 6 | C7: 캡처·수치·기종 등 팀만 채울 수 있음
A8: 수정 필요 | B8: =COUNTIF('슬라이드별 계획'!$E:$E,A8) -> 1 | C8: 내용은 있으나 고쳐야 함
A9: 작성됨 | B9: =COUNTIF('슬라이드별 계획'!$E:$E,A9) -> 1 | C9: 이미 작성됨
A10: 합계 | B10: =SUM(B5:B9) -> 38
A11: 완료 처리한 장 | B11: =COUNTIF('슬라이드별 계획'!$K:$K,"완료") -> 1
A12: 진행률 | B12: =IFERROR(B11/B10,0) -> 0.026315789
A14: 사용법
A15: 노란 칸(담당자 · 진행 상태 · 메모, 확인 질문의 답)만 팀이 채웁니다. 나머지 칸과 숫자는 수식으로 계산됩니다.
A16: 모든 장 하단의 '출처: [자료명 / 기관 / URL / 열람일 입력]' 칸은 내용을 채운 장만 출처를 넣고, 근거가 없는 장은 칸을 지웁니다.

Sheet 슬라이드별 계획
A1: 쪽 | B1: 섹션 | C1: 필수 항목 | D1: 슬라이드 제목 | E1: 분류 | F1: 채울 내용 (초안) | G1: 근거 자료 | H1: 확인·필요한 것 | I1: 담당자 | J1: 기한 | K1: 진행 상태 | L1: 메모
A2: 1 | B2: 표지 | C2: — | D2: 변동을 먼저 잡는 가상공장 (부제·발표자) | E2: 바로 채움 | F2: 부제: BSR070 사이클로이드 감속기 조립·검사 자동화 가상공장 · Team KAFKA | G2: 덱 제목·확정 주제 | H2: 발표자 이름 | K2: 미착수
A3: 2 | B3: 목차 | C3: — | D3: 목차 | E3: 바로 채움 | F3: 현재 메모를 A 팀과 진행 → B 설계·모델링 → C 레이아웃·공정·KPI → D 시뮬레이션·해석 순서로 정리 | G3: 섹션 간지 구성 | K3: 미착수
A4: 3 | B4: A | C4: — | D4: A. 팀과 진행 (간지 요약) | E4: 바로 채움 | F4: 범위를 감속기로 좁혀 계획의 변동을 줄였다 | G4: 표지 제목과 연결 | K4: 미착수
A5: 4 | B5: A | C5: 필수 1 | D5: 팀명 소개와 의미 | E5: 바로 채움 | F5: KAFKA = Kinetic · Automation · Factory · Knowledge · Architecture / "제조공정 지식으로 로봇과 자동화를 연결해 하나의 가상공장으로 구현하는 사람들" | G5: 1차 기획발표 슬라이드, 메모 1번(O) | H5: 스토리텔링 문장 팀 확인 | K5: 미착수
A6: 5 | B6: A | C6: 필수 2 | D6: 분업 진행 상태 | E6: 확인 후 채움 | F6: 10/20 분업: 지그 설계 김민서 · 레이아웃 최적화 이경준·원정빈 · 레이아웃 시뮬 김석현·원정빈 · 개념 정리·논의 위상경·박정호 / 진행: 10/28 회의록 기준 | G6: 10/20·10/28 회의록 | H6: 양식 5칸(총괄/모델링/레이아웃/관리/문서)에 누구를 넣을지 | K6: 미착수
A7: 6 | B7: A | C7: 필수 2 | D7: 분업 변경 사항과 사유 | E7: 확인 후 채움 | F7: 1차 역할(모델링 이경준, 레이아웃 박정호, 시뮬 김민서, 문서 김석현, DATA 원정빈) → 10/20 분업으로 변경 | G7: 1차 기획 팀 구성 슬라이드, 10/20 회의록 | H7: 변경 사유 (회의록에 기록 없음) | K7: 미착수
A8: 7 | B8: A | C8: 필수 3 | D8: 아이템과 주제 변경 여부 | E8: 바로 채움 | F8: 액추에이터 전체 공정 → 핵심 부품인 감속기 공정 먼저 완성 → 이후 액추에이터 전체 공정으로 재진입 예정 | G8: 메모 3번 | K8: 미착수
A9: 8 | B9: A | C9: 필수 4 | D9: 공정 변경과 선택 이유 | E9: 바로 채움 | F9: 수작업 중심 공정을 자동화로 바꿀 때 실현 가능한 범위를 가늠하기 어려워 감속기 공정부터 완성하기로 함 | G9: 메모 4번 | H9: 1차(U자·01~09) → 2차(1자·OP10~70) 레이아웃 변경 사유도 넣을지 | K9: 미착수
A10: 9 | B10: B | C10: — | D10: B. 설계·모델링 (간지 요약) | E10: 바로 채움 | F10: 역설계에서 확인값과 추정값을 나눴다 | K10: 미착수
A11: 10 | B11: B | C11: 필수 5 | D11: 사용 App | E11: 확인 후 채움 | F11: CATIA: 감속기 50개 부품·설비 모델링 / SIMULIA: 베어링 압입 해석 / DELMIA: AS-IS 레이아웃, In/Out Zone + 유저로직(EKL) | G11: 10/13 해석 보고서, 10/21~22 DELMIA 작업 | H11: ENOVIA 실제 사용 여부 (카탈로그 KAFKA_00_Catalog를 ENOVIA로 볼지) | K11: 미착수
A12: 11 | B12: B | C12: 필수 5 | D12: App 활용 현황 | E12: 팀 작업 | F12: 앱별 작업 화면 캡처 | H12: 캡처 이미지 | K12: 미착수
A13: 12 | B13: B | C13: 필수 6 | D13: 모델링 분배 | E13: 확인 후 채움 | F13: 감속기 50개(완료) · 지그 김민서 · 설비(롤러 피더 · EOAT · 서보프레스) 4명 진행 | G13: 10/28 회의록, 메모 6번 | H13: 설비 모델링의 사람별 담당 | K13: 미착수
A14: 13 | B14: B | C14: 필수 7 | D14: 제조 아이템 설계 방식 | E14: 바로 채움 | F14: 역설계 — 기준: Bonsystems BSR070 공개 CAD·사양표, R5 모델 부품 50개 | G14: 메모 7번, 1차 기획 BSR070 슬라이드 | K14: 미착수
A15: 14 | B15: B | C15: 필수 7 | D15: 확인값과 추정값 (역설계) | E15: 바로 채움 | F15: 확인값: 외형 Ø73×34.5 mm, 질량 0.64 kg, 감속비 49:1 (제조사 사양 BSR 070-049) / 추정값: 내부 치수, 치형, 베어링 선정 (재구성) | G15: 1차 기획 BSR070 슬라이드 각주 | K15: 미착수
A16: 15 | B16: B | C16: 필수 8 | D16: Cloud 콘텐츠 관리 | E16: 확인 후 채움 | F16: 카탈로그 KAFKA_00_Catalog · 파일명 규칙 · 부품 이름 매핑 (제조품 / 장비 / 툴 / AMR 분류) | G16: 03_파일명규칙, 261021 Naming 매핑 | H16: 캡처 이미지(팀) | K16: 미착수
A17: 16 | B17: B | C17: 필수 9 | D17: 모델링 진행 현황 | E17: 바로 채움 | F17: 감속기 50개 완료(세부 수정 중) · 설비: 롤러 피더 · EOAT · 서보프레스 진행 · 지그 레퍼런스 탐색 · 이송로봇 레퍼런스 탐색 | G17: 10/27·10/28 회의록 | K17: 미착수
A18: 17 | B18: B | C18: 필수 9 | D18: 메카니즘과 설정 App | E18: 확인 후 채움 | F18: 제안안: CATIA Mechanical Systems Design(프레스·클램프 동작) / DELMIA Robot Simulation(SCARA·AMR) | G18: 메모 9번(미정) | H18: 제안안 팀 승인 | K18: 미착수
A19: 18 | B19: C | C19: — | D19: C. 레이아웃·공정·KPI (간지 요약) | E19: 바로 채움 | F19: AS-IS와 같은 기준으로 비교했다 | K19: 미착수
A20: 19 | B20: C | C20: 필수 10 | D20: 기존 공정 분석 AS-IS | E20: 바로 채움 | F20: 공정 A~E (하우징 결합 → 입력축 → 출력 캐리어 → 메인 조립 → 마감·검사), 인원 6명(조립 5 + 운반 1), 사이클타임 289초, 시간당 약 12.5대, 라인 효율 63.6% | G20: AS-IS 보고서 검토(10/19) | H20: 시간 기준 확정 (보고서 vs 구상도) — '걸리는 점' 2번 | K20: 미착수
A21: 20 | B21: C | C21: 필수 10 | D21: 면적 설정 | E21: 팀 작업 | F21: 가로 × 세로 mm → m² 환산 | G21: 메모 10번(미정), 메모 13번(창원 역산) | H21: 면적 수치 | K21: 미착수
A22: 21 | B22: C | C22: 필수 11 | D22: 개선 레이아웃 초안 | E22: 팀 작업 | F22: TO-BE 레이아웃 캡처 | H22: 캡처 이미지 | K22: 미착수
A23: 22 | B23: C | C23: 필수 12 | D23: 레이아웃 흐름과 In / Out | E23: 확인 후 채움 | F23: 입고 대기 → AMR → OP10~70 1자 지그 컨베이어 → 출하 대기 / 수작업 셀 2개는 버퍼로 공급 | G23: TO-BE 레이아웃 구성(10/29) | H23: 흐름이 맞는지 확인 | K23: 미착수
A24: 23 | B24: C | C24: 필수 10 | D24: AS-IS 비교 모델 | E24: 팀 작업 | F24: DELMIA AS-IS 모델 캡처 | G24: 10/22 운반 동작 확인까지 진행 | H24: 캡처 이미지 | K24: 미착수
A25: 24 | B25: C | C25: 필수 14 | D25: 인력 배치 전략 (수작업 셀 + 자동화 라인) | E25: 수정 필요 | F25: 내용 있음: Table 1 하우징 결합 85초 · Table 2 편심축 조립 45초 · OP10~70 · 목표 C/T 15초/대 | G25: 현재 슬라이드 | H25: 제목 텍스트 겹침 정리 · C/T 15초 근거 — '걸리는 점' 1번 | K25: 미착수
A26: 25 | B26: C | C26: 필수 15 | D26: 장비와 설비 선정 이유 | E26: 확인 후 채움 | F26: 선정 이유를 장비별로 (로봇 · 반송 · 프레스 · 컨베이어 · 트레이·선반) | G26: 메모 15번, TO-BE 구성 | H26: 장비 목록 통일 — '걸리는 점' 3번 | K26: 미착수
A27: 26 | B27: C | C27: 필수 15 | D27: 장비 사양 | E27: 팀 작업 | F27: 장비 사양 표 (서보프레스 2 kN급만 확정) | G27: 10/13 해석 보고서 | H27: 로봇·AMR·컨베이어 기종 | K27: 미착수
A28: 27 | B28: C | C28: 필수 13 | D28: KPI 핵심성과지표 | E28: 확인 후 채움 | F28: AS-IS 열: 인원 6명 · 시간당 12.5대 · 사이클타임 289초 / TO-BE 열: C/T 확정 후 / SMART 형식 | G28: AS-IS 보고서, 10/29 SMART 지정 | H28: C/T 근거 확정 — '걸리는 점' 1·5번 | K28: 미착수
A29: 28 | B29: C | C29: 필수 13 | D29: KPI 근거와 기대 효과 | E29: 확인 후 채움 | F29: KPI 산출식과 기대 효과 | H29: 27쪽 확정 후 | K29: 미착수
A30: 29 | B30: D | C30: — | D30: D. 시뮬레이션·해석 (간지 요약) | E30: 바로 채움 | F30: 해석으로 불량 기준을 먼저 정했다 | K30: 미착수
A31: 30 | B31: D | C31: 필수 16 | D31: 시뮬레이션 기획 | E31: 바로 채움 | F31: AS-IS를 DELMIA로 구축(In/Out Zone + 유저로직) → TO-BE와 비교 / 조건: 불량 배출률, 생산 수량 시나리오, AMR 효율 50~60%, 가동률 100% 초과 시 로봇 추가 | G31: 10/19 강사 피드백, 10/21~22 작업 | K31: 미착수
A32: 31 | B32: D | C32: 필수 16 | D32: 시뮬레이션 진행 | E32: 팀 작업 | F32: 시뮬레이션 화면 캡처 (영상 금지) | H32: 캡처 이미지 | K32: 미착수
A33: 32 | B33: D | C33: 필수 17 | D33: 해석 WHAT / WHY / HOW | E33: 바로 채움 | F33: 베어링 압입 · 볼트 체결 · 팔레트 지그 × 무엇을 · 왜 · 어떻게 | G33: 1차 기획 해석 슬라이드, 10/16 피드백 정리 | K33: 미착수
A34: 33 | B34: D | C34: 필수 17 | D34: 해석 ① 베어링 압입 | E34: 바로 채움 | F34: C-E6709, 지름 간섭량 0.014 mm, 마찰계수 0.15 → 최대 압입력 581 N, 최대 응력 225 MPa < 항복 276 MPa, 영구 변형 0 → 2 kN급 서보프레스 | G34: 10/13 해석 보고서 | K34: 미착수
A35: 34 | B35: D | C35: 필수 17 | D35: 해석 ② 볼트 체결 · ③ 팔레트 지그 | E35: 확인 후 채움 | F35: ② 볼트 예압 ≤ 항복강도 70%, 적정 토크 범위 / ③ 필요 고정력·클램프 위치 | G35: 볼트 체결 해석 시나리오(10/02) | H35: ②·③ 결과가 나왔는지 | K35: 미착수
A36: 35 | B36: D | C36: 필수 17 | D36: 해석 → 라인 연결표 | E36: 확인 후 채움 | F36: 해석값 → 설비 세팅값 → 라인 안 검사 → 불합격 흐름 표 | G36: 10/16 강사 피드백 적용 범위 | H36: 베어링 압입 등이 몇 번 OP인지 (01~09 → OP10~70) | K36: 미착수
A37: 36 | B37: 정리 | C37: 필수 18 | D37: 어려움과 해결 방안 | E37: 바로 채움 | F37: ① 레이아웃 레퍼런스 비공개 → 논문 계산식으로 역산 ② DELMIA 조립 표현: Transform 대신 In/Out Zone + 유저로직 ③ 볼트 체결 자동화: 논문으로 전용 도구·센서 필요 확인 ④ 강사 질문지로 해석 연결성 보완 | G37: 10/19~23 회의록, 논문 요약 | K37: 미착수
A38: 37 | B38: 정리 | C38: 필수 19 | D38: 출처 | E38: 바로 채움 | F38: Bonsystems · 미스미 · SKF · Qin(2026) 논문 · 1차 기획 기사 출처 | G38: 프로젝트 문서 | H38: 각 장 하단 출처 칸도 함께 | K38: 미착수
A39: 38 | B39: 정리 | C39: — | D39: 질문 받겠습니다 | E39: 작성됨 | F39: 작성 완료 (Team KAFKA) | K39: 완료

Sheet 확인 질문
A1: 번호 | B1: 관련 쪽 | C1: 질문 | D1: 왜 필요한가 | E1: 답 (팀 입력) | F1: 답한 사람
A2: 1 | B2: 5 | C2: 양식 5칸(총괄/모델링/레이아웃/관리/문서)에 10/20 분업 인원을 어떻게 나눠 넣을까? | D2: 10/20 분업은 4갈래라 양식 칸과 맞지 않음
A3: 2 | B3: 6 | C3: 1차 역할에서 10/20 분업으로 바꾼 사유는? | D3: 필수 2의 '변경 사유'가 요구 항목, 회의록에 사유 기록 없음
A4: 3 | B4: 10 | C4: ENOVIA를 실제로 쓰고 있나? (카탈로그 KAFKA_00_Catalog를 ENOVIA로 볼지) | D4: 쓰지 않는 앱을 적으면 질의에서 막힘
A5: 4 | B5: 12 | C5: 10/28 설비 모델링(롤러 피더 · EOAT · 서보프레스)은 누가 무엇을 맡았나? | D5: 모델링 분배 장의 핵심 내용
A6: 5 | B6: 15 | C6: Cloud 콘텐츠 캡처는 누가 언제 넣나? | D6: 글은 채울 수 있으나 캡처는 팀 화면 필요
A7: 6 | B7: 17 | C7: 메카니즘 설정 App 제안안(CATIA Mechanical Systems Design / DELMIA Robot Simulation)을 승인할까? | D7: 메모 9번이 '미정'
A8: 7 | B8: 22 | C8: TO-BE 흐름이 '입고 대기 → AMR → OP10~70 → 출하 대기, 수작업 셀 2개는 버퍼로 공급'이 맞나? | D8: In/Out 설정이 필수
A9: 8 | B9: 34 | C9: 볼트 체결 · 팔레트 지그 해석 결과가 나왔나? | D9: 결과 없으면 '계획'으로 표기
A10: 9 | B10: 35 | C10: 베어링 압입 · 볼트 체결은 OP10~70 중 몇 번인가? | D10: 공정 번호 체계가 01~09에서 OP10~70으로 바뀜
A11: 10 | B11: 19·24 | C11: AS-IS 시간 기준을 보고서 값과 구상도 값 중 무엇으로 할까? | D11: '걸리는 점' 시트 2번
A12: 11 | B12: 24·27 | C12: 목표 C/T 15초의 근거는? 수작업 셀 병렬 수는? | D12: '걸리는 점' 시트 1번
A13: 12 | B13: 25 | C13: 장비 목록: 협동로봇·AGV(메모 15번)인가, SCARA·AMR(TO-BE 구성)인가? | D13: '걸리는 점' 시트 3번

Sheet 걸리는 점
A1: 1. 목표 C/T 15초가 수작업 셀·AS-IS와 맞는가
A2: 파란 숫자는 입력값(바꾸면 아래가 다시 계산됨), 검은 숫자는 수식.
A3: 목표 C/T (초/대) | B3: 15 | D3: 24쪽 슬라이드 값
A4: 수작업 셀 Table 1 하우징 결합 (초) | B4: 85 | D4: 24쪽 슬라이드 값 (구상도 공정 A와 같음)
A5: 수작업 셀 Table 2 편심축 조립 (초) | B5: 45 | D5: 24쪽 슬라이드 값
A6: AS-IS 사이클타임 (초) | B6: 289 | D6: AS-IS 보고서 기준 병목 공정 C
A7: AS-IS 인원 (명) | B7: 6 | D7: 조립 5 + 운반 1 (AS-IS 보고서)
A8: TO-BE 예상 인원 (명) | B8: 2 | D8: 39쪽 메모 14번 '2명 예상'
A10: 메인 라인 시간당 생산 (대/h) | B10: =3600/B3 -> 240 | D10: 라인이 요구하는 공급량
A11: Table 1 셀 1개 시간당 (대/h) | B11: =3600/B4 -> 42.352941
A12: Table 1 필요 병렬 셀 수 | B12: =ROUNDUP(B4/B3,0) -> 6 | D12: 1개면 라인이 멈춤. 이만큼 병렬로 둬야 C/T가 성립
A13: Table 2 필요 병렬 셀 수 | B13: =ROUNDUP(B5/B3,0) -> 3
A14: AS-IS 시간당 생산 (대/h) | B14: =3600/B6 -> 12.456747
A15: 생산량 개선 배수 (TO-BE ÷ AS-IS) | B15: =B10/B14 -> 19.266667 | D15: 강사가 경고한 '억지스러운' 수치로 읽힐 위험
A16: 인원 감소율 | B16: =1-B8/B7 -> 0.66666667
A17: 판정 | B17: =IF(B12>1,"셀 "&B12&"개 병렬 근거가 없으면 C/T 15초는 성립하지 않음","성립") -> 셀 6개 병렬 근거가 없으면 C/T 15초는 성립하지 않음
A19: 2. AS-IS 시간 기준이 두 개
A20: 공정 | B20: 보고서 기준 (초) | C20: 구상도 기준 (초) | D20: 비고
A21: A 입력측 하우징 결합 | B21: 160 | C21: 85 | D21: 24쪽 Table 1(85초)은 구상도 기준
A22: B 입력축 조립 | B22: 115 | C22: 23
A23: C 출력 캐리어 조립 | B23: 289 | C23: 83 | D23: 19쪽에 넣을 289초는 보고서 기준
A24: D 메인 조립 | B24: 215 | C24: 113
A25: E 마감 및 검사 | B25: 140 | C25: 63
A26: 총 작업시간 (초) | B26: =SUM(B21:B25) -> 919 | C26: =SUM(C21:C25) -> 367
A27: 병목 = 사이클타임 (초) | B27: =MAX(B21:B25) -> 289 | C27: =MAX(C21:C25) -> 113
A28: 시간당 생산 (대/h) | B28: =3600/B27 -> 12.456747 | C28: =3600/C27 -> 31.858407 | D28: 같은 AS-IS인데 시간당 생산이 두 배 넘게 달라짐 → 하나로 확정 필요
A30: 3~5. 그 밖에 걸리는 점
A31: 3. 장비 목록 불일치 | B31: 39쪽 메모 15번은 '협동로봇, AGV', TO-BE 레이아웃은 'SCARA 4축, AMR'. 25쪽 작성 전 통일
A32: 4. 24쪽 제목 겹침 | B32: '필수 14' 제목 텍스트 두 개가 겹쳐 보임. 제목 정리
A33: 5. KPI SMART 필수 (10/29) | B33: 27쪽은 'AS-IS → TO-BE 수치 · 측정 방법 · 달성 시점'까지. 1번이 먼저 풀려야 함
A35: 출처: 24쪽 슬라이드, 39쪽 메모, AS-IS 보고서 정합성 검토(10/19), 10/23 회의록(공정 시간 두 기준)
